<crw.InputDataBean>
  <title>CH3Shift</title>
  <intro>Structure Based Prediction of Protein Methyl Group Chemical Shifts.</intro>
  <inputArray>
    <crw.InputItemBean>
      <inputtype>text</inputtype>
      <varname>title</varname>
      <explanation>Enter the title of this trial.</explanation>
      <nort></nort>
      <altArray/>
      <group></group>
      <groupexpl></groupexpl>
      <heading></heading>
      <size>h2</size>
      <boxsize>15</boxsize>
      <defaultValue></defaultValue>
      <parents/>
      <urows></urows>
      <ucols></ucols>
    </crw.InputItemBean>
    <crw.InputItemBean>
      <inputtype>file</inputtype>
      <varname>pdbname</varname>
      <explanation>Upload the protein PDB file with added hydrogen atoms.</explanation>
      <nort></nort>
      <altArray/>
      <group></group>
      <groupexpl></groupexpl>
      <heading></heading>
      <size>h2</size>
      <boxsize></boxsize>
      <defaultValue></defaultValue>
      <parents/>
      <urows></urows>
      <ucols></ucols>
    </crw.InputItemBean>
    <crw.InputItemBean>
      <inputtype>drop</inputtype>
      <varname>pdbtype</varname>
      <explanation>Select the PDB file parsing option.</explanation>
      <nort>text</nort>
      <altArray>
        <string>complex</string>
        <string>medium</string>
        <string>simple</string>
        <string>almost</string>
      </altArray>
      <group></group>
      <groupexpl></groupexpl>
      <heading></heading>
      <size>h2</size>
      <boxsize></boxsize>
      <defaultValue></defaultValue>
      <parents/>
      <urows></urows>
      <ucols></ucols>
    </crw.InputItemBean>
    <crw.InputItemBean>
      <inputtype>numeric</inputtype>
      <varname>seqshift</varname>
      <explanation>Shift the residue sequence numbers by the specified value.</explanation>
      <nort></nort>
      <altArray/>
      <group></group>
      <groupexpl></groupexpl>
      <heading></heading>
      <size>h2</size>
      <boxsize>4</boxsize>
      <defaultValue>0</defaultValue>
      <parents/>
      <urows></urows>
      <ucols></ucols>
    </crw.InputItemBean>
    <crw.InputItemBean>
      <inputtype>numeric</inputtype>
      <varname>examine</varname>
      <explanation>Examine the specified conformer in the PDB file. If 0, all the conformers will be analysed and the averaged chemical shifts will be printed in the output.</explanation>
      <nort></nort>
      <altArray/>
      <group></group>
      <groupexpl></groupexpl>
      <heading></heading>
      <size>h2</size>
      <boxsize>4</boxsize>
      <defaultValue>0</defaultValue>
      <parents/>
      <urows></urows>
      <ucols></ucols>
    </crw.InputItemBean>
    <crw.InputItemBean>
      <inputtype>file</inputtype>
      <varname>experdata</varname>
      <explanation>Upload experimental chemical shift data file for comparison (optional).</explanation>
      <nort></nort>
      <altArray/>
      <group></group>
      <groupexpl></groupexpl>
      <heading></heading>
      <size>h2</size>
      <boxsize></boxsize>
      <defaultValue></defaultValue>
      <parents/>
      <urows></urows>
      <ucols></ucols>
    </crw.InputItemBean>
    <crw.InputItemBean>
      <inputtype>check</inputtype>
      <varname>rereference</varname>
      <explanation>Re-reference the calculated chemical shifts via the offset finding by least squares fitting. </explanation>
      <nort></nort>
      <altArray/>
      <group></group>
      <groupexpl></groupexpl>
      <heading></heading>
      <size>h2</size>
      <boxsize></boxsize>
      <defaultValue></defaultValue>
      <parents/>
      <urows></urows>
      <ucols></ucols>
    </crw.InputItemBean>
    <crw.InputItemBean>
      <inputtype>heading</inputtype>
      <varname></varname>
      <explanation></explanation>
      <nort></nort>
      <altArray/>
      <group></group>
      <groupexpl></groupexpl>
      <heading>Output and Plotting Controllers</heading>
      <size>h2</size>
      <boxsize>15</boxsize>
      <defaultValue></defaultValue>
      <parents/>
      <urows>5</urows>
      <ucols>50</ucols>
    </crw.InputItemBean>
    <crw.InputItemBean>
      <inputtype>drop</inputtype>
      <varname>outorder</varname>
      <explanation>Select the order scheme for the results in the output file.</explanation>
      <nort>text</nort>
      <altArray>
        <string>byseq</string>
        <string>bytype</string>
        <string>byshift</string>
      </altArray>
      <group></group>
      <groupexpl></groupexpl>
      <heading></heading>
      <size>h2</size>
      <boxsize></boxsize>
      <defaultValue></defaultValue>
      <parents/>
      <urows></urows>
      <ucols></ucols>
    </crw.InputItemBean>
    <crw.InputItemBean>
      <inputtype>numeric</inputtype>
      <varname>bias</varname>
      <explanation>A positive number that controls the residue colour-coding output: higher values give more widely spaced colours at the high probability end of the structural quality.</explanation>
      <nort></nort>
      <altArray/>
      <group></group>
      <groupexpl></groupexpl>
      <heading></heading>
      <size>h2</size>
      <boxsize>2</boxsize>
      <defaultValue>2</defaultValue>
      <parents/>
      <urows></urows>
      <ucols></ucols>
    </crw.InputItemBean>
    <crw.InputItemBean>
      <inputtype>heading</inputtype>
      <varname></varname>
      <explanation>The proton chemical shift range to visualize (in ppm).</explanation>
      <nort></nort>
      <altArray/>
      <group></group>
      <groupexpl></groupexpl>
      <heading></heading>
      <size>h2</size>
      <boxsize>15</boxsize>
      <defaultValue></defaultValue>
      <parents/>
      <urows>5</urows>
      <ucols>50</ucols>
    </crw.InputItemBean>
    <crw.InputItemBean>
      <inputtype>numeric</inputtype>
      <varname>xlimmin</varname>
      <explanation>Minimum value.&#x0D;
</explanation>
      <nort></nort>
      <altArray/>
      <group></group>
      <groupexpl></groupexpl>
      <heading></heading>
      <size>h2</size>
      <boxsize>4</boxsize>
      <defaultValue>NA</defaultValue>
      <parents/>
      <urows></urows>
      <ucols></ucols>
    </crw.InputItemBean>
    <crw.InputItemBean>
      <inputtype>numeric</inputtype>
      <varname>xlimmax</varname>
      <explanation>Maximum value.</explanation>
      <nort></nort>
      <altArray/>
      <group></group>
      <groupexpl></groupexpl>
      <heading></heading>
      <size>h2</size>
      <boxsize>4</boxsize>
      <defaultValue>NA</defaultValue>
      <parents/>
      <urows></urows>
      <ucols></ucols>
    </crw.InputItemBean>
    <crw.InputItemBean>
      <inputtype>heading</inputtype>
      <varname></varname>
      <explanation>The carbon chemical shift range to visualize (in ppm).</explanation>
      <nort></nort>
      <altArray/>
      <group></group>
      <groupexpl></groupexpl>
      <heading></heading>
      <size>h2</size>
      <boxsize>15</boxsize>
      <defaultValue></defaultValue>
      <parents/>
      <urows>5</urows>
      <ucols>50</ucols>
    </crw.InputItemBean>
    <crw.InputItemBean>
      <inputtype>numeric</inputtype>
      <varname>ylimmin</varname>
      <explanation>Minimum value.</explanation>
      <nort></nort>
      <altArray/>
      <group></group>
      <groupexpl></groupexpl>
      <heading></heading>
      <size>h2</size>
      <boxsize>4</boxsize>
      <defaultValue>NA</defaultValue>
      <parents/>
      <urows></urows>
      <ucols></ucols>
    </crw.InputItemBean>
    <crw.InputItemBean>
      <inputtype>numeric</inputtype>
      <varname>ylimmax</varname>
      <explanation>Maximum value.</explanation>
      <nort></nort>
      <altArray/>
      <group></group>
      <groupexpl></groupexpl>
      <heading></heading>
      <size>h2</size>
      <boxsize>4</boxsize>
      <defaultValue>NA</defaultValue>
      <parents/>
      <urows></urows>
      <ucols></ucols>
    </crw.InputItemBean>
    <crw.InputItemBean>
      <inputtype>check</inputtype>
      <varname>pointlabel</varname>
      <explanation>Label the NMR signals on the plot.</explanation>
      <nort></nort>
      <altArray/>
      <group></group>
      <groupexpl></groupexpl>
      <heading></heading>
      <size>h2</size>
      <boxsize></boxsize>
      <defaultValue></defaultValue>
      <parents/>
      <urows></urows>
      <ucols></ucols>
    </crw.InputItemBean>
    <crw.InputItemBean>
      <inputtype>check</inputtype>
      <varname>linelabel</varname>
      <explanation>Label the possible lines on the plot.</explanation>
      <nort></nort>
      <altArray/>
      <group></group>
      <groupexpl></groupexpl>
      <heading></heading>
      <size>h2</size>
      <boxsize></boxsize>
      <defaultValue></defaultValue>
      <parents/>
      <urows></urows>
      <ucols></ucols>
    </crw.InputItemBean>
    <crw.InputItemBean>
      <inputtype>check</inputtype>
      <varname>plotexper</varname>
      <explanation>Plot the uploaded experimental chemical shifts.</explanation>
      <nort></nort>
      <altArray/>
      <group></group>
      <groupexpl></groupexpl>
      <heading></heading>
      <size>h2</size>
      <boxsize></boxsize>
      <defaultValue></defaultValue>
      <parents/>
      <urows></urows>
      <ucols></ucols>
    </crw.InputItemBean>
    <crw.InputItemBean>
      <inputtype>heading</inputtype>
      <varname></varname>
      <explanation>Plot size.</explanation>
      <nort></nort>
      <altArray/>
      <group></group>
      <groupexpl></groupexpl>
      <heading></heading>
      <size>h2</size>
      <boxsize>15</boxsize>
      <defaultValue></defaultValue>
      <parents/>
      <urows>5</urows>
      <ucols>50</ucols>
    </crw.InputItemBean>
    <crw.InputItemBean>
      <inputtype>numeric</inputtype>
      <varname>plotheight</varname>
      <explanation>Plot height.</explanation>
      <nort></nort>
      <altArray/>
      <group></group>
      <groupexpl></groupexpl>
      <heading></heading>
      <size>h2</size>
      <boxsize>4</boxsize>
      <defaultValue>550</defaultValue>
      <parents/>
      <urows></urows>
      <ucols></ucols>
    </crw.InputItemBean>
    <crw.InputItemBean>
      <inputtype>numeric</inputtype>
      <varname>plotwidth</varname>
      <explanation>Plot width.</explanation>
      <nort></nort>
      <altArray/>
      <group></group>
      <groupexpl></groupexpl>
      <heading></heading>
      <size>h2</size>
      <boxsize>4</boxsize>
      <defaultValue>550</defaultValue>
      <parents/>
      <urows></urows>
      <ucols></ucols>
    </crw.InputItemBean>
    <crw.InputItemBean>
      <inputtype>heading</inputtype>
      <varname></varname>
      <explanation>Color coding of the predicted chemical shifts.</explanation>
      <nort></nort>
      <altArray/>
      <group></group>
      <groupexpl></groupexpl>
      <heading></heading>
      <size>h2</size>
      <boxsize>15</boxsize>
      <defaultValue></defaultValue>
      <parents/>
      <urows>5</urows>
      <ucols>50</ucols>
    </crw.InputItemBean>
    <crw.InputItemBean>
      <inputtype>text</inputtype>
      <varname>colALA</varname>
      <explanation>Alanine</explanation>
      <nort></nort>
      <altArray/>
      <group></group>
      <groupexpl></groupexpl>
      <heading></heading>
      <size>h2</size>
      <boxsize>8</boxsize>
      <defaultValue></defaultValue>
      <parents/>
      <urows></urows>
      <ucols></ucols>
    </crw.InputItemBean>
    <crw.InputItemBean>
      <inputtype>text</inputtype>
      <varname>colVAL</varname>
      <explanation>Valine</explanation>
      <nort></nort>
      <altArray/>
      <group></group>
      <groupexpl></groupexpl>
      <heading></heading>
      <size>h2</size>
      <boxsize>8</boxsize>
      <defaultValue></defaultValue>
      <parents/>
      <urows></urows>
      <ucols></ucols>
    </crw.InputItemBean>
    <crw.InputItemBean>
      <inputtype>numeric</inputtype>
      <varname>colTHR</varname>
      <explanation>Threonine</explanation>
      <nort></nort>
      <altArray/>
      <group></group>
      <groupexpl></groupexpl>
      <heading></heading>
      <size>h2</size>
      <boxsize>8</boxsize>
      <defaultValue></defaultValue>
      <parents/>
      <urows></urows>
      <ucols></ucols>
    </crw.InputItemBean>
    <crw.InputItemBean>
      <inputtype>text</inputtype>
      <varname>colLEU</varname>
      <explanation>Leucine</explanation>
      <nort></nort>
      <altArray/>
      <group></group>
      <groupexpl></groupexpl>
      <heading></heading>
      <size>h2</size>
      <boxsize>8</boxsize>
      <defaultValue></defaultValue>
      <parents/>
      <urows></urows>
      <ucols></ucols>
    </crw.InputItemBean>
    <crw.InputItemBean>
      <inputtype>text</inputtype>
      <varname>colILE</varname>
      <explanation>Isoleucine</explanation>
      <nort></nort>
      <altArray/>
      <group></group>
      <groupexpl></groupexpl>
      <heading></heading>
      <size>h2</size>
      <boxsize>8</boxsize>
      <defaultValue></defaultValue>
      <parents/>
      <urows></urows>
      <ucols></ucols>
    </crw.InputItemBean>
    <crw.InputItemBean>
      <inputtype>text</inputtype>
      <varname>colMET</varname>
      <explanation>Methionine</explanation>
      <nort></nort>
      <altArray/>
      <group></group>
      <groupexpl></groupexpl>
      <heading></heading>
      <size>h2</size>
      <boxsize>8</boxsize>
      <defaultValue></defaultValue>
      <parents/>
      <urows></urows>
      <ucols></ucols>
    </crw.InputItemBean>
    <crw.InputItemBean>
      <inputtype>heading</inputtype>
      <varname></varname>
      <explanation>Color coding of the experimental chemical shifts.</explanation>
      <nort></nort>
      <altArray/>
      <group></group>
      <groupexpl></groupexpl>
      <heading></heading>
      <size>h2</size>
      <boxsize>15</boxsize>
      <defaultValue></defaultValue>
      <parents/>
      <urows>5</urows>
      <ucols>50</ucols>
    </crw.InputItemBean>
    <crw.InputItemBean>
      <inputtype>text</inputtype>
      <varname>expCOL</varname>
      <explanation>Joint color for all the experimental data (if left blank, either the following inputs will be read on presence, or the default individual color coding scheme will be used).</explanation>
      <nort></nort>
      <altArray/>
      <group></group>
      <groupexpl></groupexpl>
      <heading></heading>
      <size>h2</size>
      <boxsize>8</boxsize>
      <defaultValue></defaultValue>
      <parents/>
      <urows></urows>
      <ucols></ucols>
    </crw.InputItemBean>
    <crw.InputItemBean>
      <inputtype>text</inputtype>
      <varname>colALAexp</varname>
      <explanation>Alanine</explanation>
      <nort></nort>
      <altArray/>
      <group></group>
      <groupexpl></groupexpl>
      <heading></heading>
      <size>h2</size>
      <boxsize>8</boxsize>
      <defaultValue></defaultValue>
      <parents/>
      <urows></urows>
      <ucols></ucols>
    </crw.InputItemBean>
    <crw.InputItemBean>
      <inputtype>text</inputtype>
      <varname>colVALexp</varname>
      <explanation>Valine</explanation>
      <nort></nort>
      <altArray/>
      <group></group>
      <groupexpl></groupexpl>
      <heading></heading>
      <size>h2</size>
      <boxsize>8</boxsize>
      <defaultValue></defaultValue>
      <parents/>
      <urows></urows>
      <ucols></ucols>
    </crw.InputItemBean>
    <crw.InputItemBean>
      <inputtype>text</inputtype>
      <varname>colTHRexp</varname>
      <explanation>Threonine</explanation>
      <nort></nort>
      <altArray/>
      <group></group>
      <groupexpl></groupexpl>
      <heading></heading>
      <size>h2</size>
      <boxsize>8</boxsize>
      <defaultValue></defaultValue>
      <parents/>
      <urows></urows>
      <ucols></ucols>
    </crw.InputItemBean>
    <crw.InputItemBean>
      <inputtype>text</inputtype>
      <varname>colLEUexp</varname>
      <explanation>Leucine</explanation>
      <nort></nort>
      <altArray/>
      <group></group>
      <groupexpl></groupexpl>
      <heading></heading>
      <size>h2</size>
      <boxsize>8</boxsize>
      <defaultValue></defaultValue>
      <parents/>
      <urows></urows>
      <ucols></ucols>
    </crw.InputItemBean>
    <crw.InputItemBean>
      <inputtype>text</inputtype>
      <varname>colILEexp</varname>
      <explanation>Isoleucine</explanation>
      <nort></nort>
      <altArray/>
      <group></group>
      <groupexpl></groupexpl>
      <heading></heading>
      <size>h2</size>
      <boxsize>8</boxsize>
      <defaultValue></defaultValue>
      <parents/>
      <urows></urows>
      <ucols></ucols>
    </crw.InputItemBean>
    <crw.InputItemBean>
      <inputtype>text</inputtype>
      <varname>colMETexp</varname>
      <explanation>Methionine</explanation>
      <nort></nort>
      <altArray/>
      <group></group>
      <groupexpl></groupexpl>
      <heading></heading>
      <size>h2</size>
      <boxsize>8</boxsize>
      <defaultValue></defaultValue>
      <parents/>
      <urows></urows>
      <ucols></ucols>
    </crw.InputItemBean>
  </inputArray>
  <name>CH3Shift</name>
  <displayArray>
    <string>out.txt</string>
    <string>hsqc.jpg</string>
  </displayArray>
  <displayDims>
    <string-array>
      <string>650</string>
      <string>700</string>
    </string-array>
    <string-array>
      <string>550</string>
      <string>550</string>
    </string-array>
  </displayDims>
  <displayType>
    <string>file</string>
    <string>file</string>
  </displayType>
  <displayMapinfo>
    <string-array>
      <string>nomap</string>
      <string></string>
      <string></string>
      <string></string>
      <string></string>
      <string></string>
      <string></string>
      <string></string>
      <string></string>
    </string-array>
    <string-array>
      <string>nomap</string>
      <string></string>
      <string></string>
      <string></string>
      <string></string>
      <string></string>
      <string></string>
      <string></string>
      <string></string>
    </string-array>
  </displayMapinfo>
  <displayTables>
    <string>1</string>
    <string>1</string>
  </displayTables>
  <links/>
  <pinfo>true</pinfo>
  <gpinfo>false</gpinfo>
  <incres>true</incres>
  <includeHelp>true</includeHelp>
  <cancelButton>true</cancelButton>
  <login>none</login>
  <validation>no_validation</validation>
  <resret>webpage</resret>
  <pass></pass>
  <piHeight>400</piHeight>
  <piWidth>400</piWidth>
  <piRefrate>5</piRefrate>
  <gpiHeight>400</gpiHeight>
  <gpiWidth>400</gpiWidth>
  <gpiRefrate></gpiRefrate>
  <numCols>
    <string>1</string>
  </numCols>
  <maxTableVal>1</maxTableVal>
  <FormBlank__array>	 private String itemnameC5A2E []; 
	 public String [] getItemnameC5A2E() {return (this.itemnameC5A2E);} 
	 public void setItemnameC5A2E(String [] itemnameC5A2E) {this.itemnameC5A2E = itemnameC5A2E;}</FormBlank__array>
  <FileZipNoValBlank>		 if(itemnameC5A2E != null){fname = itemnameC5A2E.getFileName();} 
		 if(fname != null){fname_length = fname.length();} 
		 if((itemnameC5A2E == null) || fname == null ||(fname_length &lt; 1)){ 
			 if(idb.getItemnameC5A2E() != null){ 
				 this.itemnameC5A2E = idb.getItemnameC5A2E(); 
			 } 
		 } 
		 fname=&quot;&quot;; 
		 fname_length = 0;</FileZipNoValBlank>
  <MultValidBlank>		 if((itemnameC5A2E == null) || (Array.getLength(itemnameC5A2E) &lt; 1)){ 
			 errors.add(&quot;itemnameC5A2E&quot;, new ActionMessage(&quot;sreg.no.mult.error&quot;)); 
		 } 
</MultValidBlank>
  <ImageMapBlank1>		 private ImageButtonBean itemnameC5A2E = new ImageButtonBean(); 
		 public void setItemnameC5A2E(ImageButtonBean button) { 
			  this.itemnameC5A2E = button; 
		 } 
		 public ImageButtonBean getItemnameC5A2E() { 
			  return this.itemnameC5A2E; 
		 } 
</ImageMapBlank1>
  <ImageMapBlank2>		 if(getItemnameC5A2E().isSelected()) { 
			 ret[0] = &quot;itemnameC5A2E&quot;; 
			 ret[1] = getItemnameC5A2E().getX(); 
			 ret[2] = getItemnameC5A2E().getY(); 
			 return ret; 
		 } 
</ImageMapBlank2>
</crw.InputDataBean>
